{
    "profesor": {
      "nombre": "Laura González",
      "edad": 42,
      "departamento": "Ingeniería Informática",
      "disponible": true
    },
    "asignaturas": [
      {
        "nombre": "Programación Web",
        "codigo": "INF101",
        "creditos": 6,
        "sesiones": [
          {
            "dia": "Lunes",
            "hora_inicio": "09:00",
            "hora_fin": "11:00",
            "aula": "Aula 202",
            "modalidad": "presencial",
            "requiere_proyector": true,
            "comentarios": null
          },
          {
            "dia": "Miércoles",
            "hora_inicio": "09:00",
            "hora_fin": "11:00",
            "aula": "Aula 202",
            "modalidad": "presencial",
            "requiere_proyector": true,
            "comentarios": "Traer portátiles"
          }
        ]
      },
      {
        "nombre": "Bases de Datos",
        "codigo": "INF205",
        "creditos": 5,
        "sesiones": [
          {
            "dia": "Martes",
            "hora_inicio": "12:00",
            "hora_fin": "14:00",
            "aula": "Laboratorio 1",
            "modalidad": "virtual",
            "requiere_proyector": false,
            "comentarios": null
          }
        ]
      }
    ]
  }
  